iata,airport,city,state,country,lat,long,FlightsANC,Ted Stevens Anchorage International,Anchorage,AK,USA,61.17432028,-149.9961856,1461FAI,Fairbanks International,Fairbanks,AK,USA,64.8136775,-147.8596694,403JNU,Juneau International,Juneau,AK,USA,58.35496194,-134.5762764,309KTN,Ketchikan International,Ketchikan,AK,USA,55.35556861,-131.71374,186SIT,Sitka,Sitka,AK,USA,57.04713806,-135.3615983,92OTZ,Ralph Wien Memorial,Kotzebue,AK,USA,66.88467694,-162.5985497,92OME,Nome,Nome,AK,USA,64.51220222,-165.4452458,92BET,Bethel,Bethel,AK,USA,60.77977639,-161.8379975,88YAK,Yakutat,Yakutat,AK,USA,59.50336056,-139.6602261,62WRG,Wrangell,Wrangell,AK,USA,56.48432583,-132.3698242,62SCC,Deadhorse,Deadhorse,AK,USA,70.19475583,-148.4651608,62PSG,James C. Johnson Petersburg,Petersburg,AK,USA,56.80165194,-132.9452781,62CDV,Merle K (Mudhole) Smith,Cordova,AK,USA,60.49183389,-145.4776503,62BRW,Wiley Post Will Rogers Memorial,Barrow,AK,USA,71.2854475,-156.7660019,62ADQ,Kodiak ,Kodiak,AK,USA,57.74996778,-152.4938553,62ADK,Adak,Adak,AK,USA,51.87796389,-176.6460306,9BHM,Birmingham International,Birmingham,AL,USA,33.56294306,-86.75354972,3748HSV,Huntsville International ,Huntsville,AL,USA,34.6404475,-86.77310944,1671MOB,Mobile Regional,Mobile,AL,USA,30.69141667,-88.24283333,964MGM,Montgomery Regional Apt,Montgomery,AL,USA,32.30064417,-86.39397611,540DHN,Dothan ,Dothan,AL,USA,31.32133917,-85.44962889,228LIT,Adams ,Little Rock,AR,USA,34.72939611,-92.22424556,2609XNA,Northwest Arkansas Regional,Fayetteville/Springdale/Rogers,AR,USA,36.28186944,-94.30681111,2234FSM,Fort Smith Regional,Fort Smith,AR,USA,35.33659028,-94.36744111,439TXK,Texarkana Regional-Webb ,Texarkana,AR,USA,33.45370806,-93.99102,240PHX,Phoenix Sky Harbor International,Phoenix,AZ,USA,33.43416667,-112.0080556,32914TUS,Tucson International,Tucson,AZ,USA,32.11608333,-110.9410278,4449YUM,Yuma MCAS-Yuma International,Yuma,AZ,USA,32.65658333,-114.6059722,730FLG,Flagstaff Pulliam,Flagstaff,AZ,USA,35.13845472,-111.6712183,289LAX,Los Angeles International,Los Angeles,CA,USA,33.94253611,-118.4080744,32611SFO,San Francisco International,San Francisco,CA,USA,37.61900194,-122.3748433,20443SAN,San Diego International-Lindbergh ,San Diego,CA,USA,32.73355611,-117.1896567,14113OAK,Metropolitan Oakland International,Oakland,CA,USA,37.72129083,-122.2207167,10402SJC,San Jose International,San Jose,CA,USA,37.36186194,-121.9290089,8834SMF,Sacramento International,Sacramento,CA,USA,38.69542167,-121.5907669,8648SNA,John Wayne /Orange Co,Santa Ana,CA,USA,33.67565861,-117.8682225,6845ONT,Ontario International,Ontario,CA,USA,34.056,-117.6011944,6346BUR,Burbank-Glendale-Pasadena,Burbank,CA,USA,34.20061917,-118.3584969,5018FAT,Fresno Yosemite International,Fresno,CA,USA,36.77619444,-119.7181389,2392SBA,Santa Barbara Municipal,Santa Barbara,CA,USA,34.42621194,-119.8403733,2140PSP,Palm Springs International,Palm Springs,CA,USA,33.82921556,-116.5062531,2054LGB,Long Beach (Daugherty ),Long Beach,CA,USA,33.81772222,-118.1516111,1664MRY,Monterey Peninsula,Monterey,CA,USA,36.5869825,-121.8429478,1348SBP,San Luis Obispo Co-McChesney ,San Luis Obispo,CA,USA,35.23705806,-120.6423931,1049BFL,Meadows ,Bakersfield,CA,USA,35.43359806,-119.0567681,772ACV,Arcata,Arcata/Eureka,CA,USA,40.97811528,-124.1086189,581MOD,Modesto City-County-Harry Sham ,Modesto,CA,USA,37.62581722,-120.9544214,500RDD,Redding Municipal,Redding,CA,USA,40.50898361,-122.2934019,295SMX,Santa Maria Pub/Capt G Allan Hancock ,Santa Maria,CA,USA,34.89924833,-120.4575825,286IPL,Imperial County,Imperial,CA,USA,32.83422028,-115.5787456,223CIC,Chico Municipal,Chico,CA,USA,39.79538278,-121.8584231,222OXR,Oxnard,Oxnard,CA,USA,34.20080083,-119.2072164,219CEC,Jack McNamara ,Crescent City,CA,USA,41.78015722,-124.2365333,171IYK,Inyokern,Inyokern,CA,USA,35.65884306,-117.8295122,161PMD,Palmdale Production Flight,Palmdale,CA,USA,34.62938889,-118.0845528,111DEN,Denver Intl,Denver,CO,USA,39.85840806,-104.6670019,36858COS,City of Colorado Springs Muni,Colorado Springs,CO,USA,38.80580556,-104.70025,2659ASE,Aspen-Pitkin Co/Sardy ,Aspen,CO,USA,39.22316,-106.868845,1449EGE,Eagle County Regional,Eagle,CO,USA,39.64256778,-106.9176953,769GJT,Walker ,Grand Junction,CO,USA,39.1224125,-108.5267347,729HDN,Yampa Valley,Hayden,CO,USA,40.48118028,-107.2176597,717DRO,Durango-La Plata County,Durango,CO,USA,37.15151667,-107.7537692,620MTJ,Montrose Regional,Montrose,CO,USA,38.50886722,-107.8938333,503GUC,Gunnison County,Gunnison,CO,USA,38.53396333,-106.9331817,151TEX,Telluride Regional,Telluride,CO,USA,37.95375861,-107.90848,104BDL,Bradley International,Windsor Locks,CT,USA,41.93887417,-72.68322833,4900MCO,Orlando International,Orlando,FL,USA,28.42888889,-81.31602778,18632TPA,Tampa International ,Tampa,FL,USA,27.97547222,-82.53325,11641FLL,Fort Lauderdale-Hollywood Int'l,Ft. Lauderdale,FL,USA,26.07258333,-80.15275,9593MIA,Miami International,Miami,FL,USA,25.79325,-80.29055556,7091JAX,Jacksonville International,Jacksonville,FL,USA,30.49405556,-81.68786111,5216RSW,Southwest Florida International,Ft. Myers,FL,USA,26.53616667,-81.75516667,4332PBI,Palm Beach International,West Palm Beach,FL,USA,26.68316194,-80.09559417,4238PNS,Pensacola Regional,Pensacola,FL,USA,30.47330556,-87.18744444,1407SRQ,Sarasota Bradenton International,Sarasota,FL,USA,27.39533333,-82.55411111,1193VPS,Eglin Air Force Base,Valparaiso,FL,USA,30.48325,-86.5254,1106PFN,Panama City-Bay County International,Panama City,FL,USA,30.21208333,-85.68280556,533DAB,Daytona Beach International,Daytona Beach,FL,USA,29.17991667,-81.05805556,499TLH,Tallahassee Regional,Tallahassee,FL,USA,30.39652778,-84.35033333,453GNV,Gainesville Regional,Gainesville,FL,USA,29.69005556,-82.27177778,335MLB,Melbourne International ,Melbourne,FL,USA,28.10275,-80.64580556,301EYW,Key West International,Key West,FL,USA,24.55611111,-81.75955556,181ATL,William B Hartsfield-Atlanta Intl,Atlanta,GA,USA,33.64044444,-84.42694444,59831SAV,Savannah International,Savannah,GA,USA,32.12758333,-81.20213889,1860AGS,Bush ,Augusta,GA,USA,33.369955,-81.96449611,365CSG,Columbus Metropolitan,Columbus,GA,USA,32.51633333,-84.93886111,230ABY,Southwest Georgia Regional,Albany,GA,USA,31.535515,-84.19447333,205VLD,Valdosta Regional,Valdosta,GA,USA,30.7825,-83.27672222,164MCN,Middle Georgia Regional,Macon,GA,USA,32.69284944,-83.64921083,132BQK,Glynco Jetport,Brunswick,GA,USA,31.25902778,-81.46630556,127HNL,Honolulu International,Honolulu,HI,USA,21.31869111,-157.9224072,8988OGG,Kahului,Kahului,HI,USA,20.89864972,-156.4304578,3283LIH,Lihue,Lihue,HI,USA,21.97598306,-159.3389581,2120KOA,Kona International At Keahole,Kailua/Kona,HI,USA,19.73876583,-156.0456314,2108ITO,Hilo International,Hilo,HI,USA,19.72026306,-155.0484703,1275DSM,Des Moines International,Des Moines,IA,USA,41.53493306,-93.66068222,2610CID,Eastern Iowa ,Cedar Rapids,IA,USA,41.88458833,-91.71087222,1478DBQ,Dubuque Municipal,Dubuque,IA,USA,42.40295944,-90.70916722,232SUX,Sioux Gateway ,Sioux City,IA,USA,42.40260333,-96.38436694,60ALO,Waterloo Municipal,Waterloo,IA,USA,42.55708139,-92.40034361,52BOI,Boise Air Terminal,Boise,ID,USA,43.56444444,-116.2227778,2855IDA,Idaho Falls Regional,Idaho Falls,ID,USA,43.51455556,-112.0701667,582SUN,Friedman Memorial,Hailey,ID,USA,43.50484139,-114.2965903,477TWF,Joslin Field - Magic Valley,Twin Falls,ID,USA,42.48180389,-114.4877356,438PIH,Pocatello Regional,Pocatello,ID,USA,42.91130556,-112.5958611,299LWS,Lewiston-Nez Perce County,Lewiston,ID,USA,46.37449806,-117.0153944,102ORD,Chicago O'Hare International,Chicago,IL,USA,41.979595,-87.90446417,51439MDW,Chicago Midway,Chicago,IL,USA,41.7859825,-87.75242444,14927MLI,Quad City,Moline,IL,USA,41.44852639,-90.50753917,1434PIA,Greater Peoria Regional,Peoria,IL,USA,40.66424333,-89.69330556,951BMI,Central Illinois Regional,Bloomington,IL,USA,40.47798556,-88.91595278,862CMI,University of Illinois-Willard,Champaign/Urbana,IL,USA,40.03925,-88.27805556,471SPI,Capital,Springfield,IL,USA,39.84395194,-89.67761861,287RFD,Greater Rockford,Rockford,IL,USA,42.19536389,-89.09721111,112IND,Indianapolis International,Indianapolis,IN,USA,39.71732917,-86.29438417,6670FWA,Fort Wayne International,Fort Wayne,IN,USA,40.97846583,-85.19514639,984EVV,Evansville Regional,Evansville,IN,USA,38.03799139,-87.53062667,924SBN,South Bend Regional,South Bend,IN,USA,41.70895361,-86.31847417,771ICT,Wichita Mid-Continent,Wichita,KS,USA,37.64995889,-97.43304583,2254CVG,Cincinnati Northern Kentucky Intl,Covington,KY,USA,39.04614278,-84.6621725,15865SDF,Louisville International-Standiford ,Louisville,KY,USA,38.17438889,-85.736,3782LEX,Blue Grass ,Lexington,KY,USA,38.03697222,-84.60538889,1328MSY,New Orleans International ,New Orleans,LA,USA,29.99338889,-90.25802778,5772BTR,"Baton Rouge Metropolitan, Ryan ",Baton Rouge,LA,USA,30.53316083,-91.14963444,1425SHV,Shreveport Regional,Shreveport,LA,USA,32.4466275,-93.82559833,1299LFT,Lafayette Regional,Lafayette,LA,USA,30.20527972,-91.987655,877MLU,Monroe Regional,Monroe,LA,USA,32.51086556,-92.03768778,455AEX,Alexandria International,Alexandria,LA,USA,31.32737167,-92.54855611,401LCH,Lake Charles Regional,Lake Charles,LA,USA,30.1260975,-93.22340361,185BOS,Gen Edw L Logan Intl,Boston,MA,USA,42.3643475,-71.00517917,15469BWI,Baltimore-Washington International,Baltimore,MD,USA,39.17540167,-76.66819833,16507PWM,Portland International Jetport,Portland,ME,USA,43.64616667,-70.30875,1019BGR,Bangor International,Bangor,ME,USA,44.80744444,-68.82813889,413DTW,Detroit Metropolitan-Wayne County,Detroit,MI,USA,42.21205889,-83.34883583,25905GRR,Kent County International,Grand Rapids,MI,USA,42.88081972,-85.52276778,2454FNT,Bishop,Flint,MI,USA,42.96550333,-83.74345639,1531LAN,Capital City,Lansing,MI,USA,42.7787,-84.58735806,691AZO,Kalamazoo County,Kalamazoo,MI,USA,42.234875,-85.5520575,641TVC,Cherry Capital,Traverse City,MI,USA,44.74144472,-85.582235,550MBS,Mbs International,Saginaw,MI,USA,43.53291472,-84.07964722,401CMX,Houghton County Memorial,Hancock,MI,USA,47.16841722,-88.48906083,60PLN,Pellston Regional  of Emmet County,Pellston,MI,USA,45.5709275,-84.796715,38MSP,Minneapolis-St Paul Intl,Minneapolis,MN,USA,44.88054694,-93.2169225,22022RST,Rochester International,Rochester,MN,USA,43.90882639,-92.49798722,709DLH,Duluth International,Duluth,MN,USA,46.84209028,-92.19364861,309MCI,Kansas City International,Kansas City,MO,USA,39.29760528,-94.71390556,10170STL,Lambert-St Louis International,St Louis,MO,USA,38.74768694,-90.35998972,8750SGF,Springfield-Branson Regional,Springfield,MO,USA,37.24432611,-93.38685806,1630JAN,Jackson International,Jackson,MS,USA,32.31116667,-90.07588889,2099GPT,Gulfport-Biloxi Regional,Gulfport-Biloxi,MS,USA,30.40728028,-89.07009278,1352GTR,Golden Triangle Regional,Columbus-Starkville-West Point,MS,USA,33.45033444,-88.59136861,164MEI,Key ,Meridian,MS,USA,32.33313333,-88.75120556,105TUP,Tupelo Municipal ,Tupelo,MS,USA,34.26810833,-88.769895,10BZN,Gallatin ,Bozeman,MT,USA,45.77690139,-111.1530072,863BIL,Billings Logan Intl,Billings,MT,USA,45.8076625,-108.5428611,694MSO,Missoula International,Missoula,MT,USA,46.91630556,-114.0905556,549FCA,Glacier Park Intl,Kalispell,MT,USA,48.31140472,-114.2550694,431GTF,Great Falls Intl,Great Falls,MT,USA,47.48200194,-111.3706853,403HLN,Helena Regional,Helena,MT,USA,46.60681806,-111.9827503,269BTM,Bert Mooney,Butte,MT,USA,45.95479528,-112.49746,120CLD,MC Clellan-Palomar Airport,,,USA,33.127231,-117.278727,425MQT,Marquette County Airport,,,USA,46.353639,-87.395361,163HHH,Hilton Head,,,USA,32.224384,-80.697629,152SCE,University Park,,,USA,40.851206,-77.846302,120CLT,Charlotte/Douglas International,Charlotte,NC,USA,35.21401111,-80.94312583,20299RDU,Raleigh-Durham International,Raleigh,NC,USA,35.87763889,-78.78747222,9332GSO,Piedmont Triad International,Greensboro,NC,USA,36.09774694,-79.9372975,2075AVL,Asheville Regional,Asheville,NC,USA,35.43619444,-82.54180556,493ILM,Wilmington International,Wilmington,NC,USA,34.27061111,-77.90255556,425FAY,Fayetteville Municipal,Fayetteville,NC,USA,34.99147222,-78.88,335OAJ,Albert J Ellis,Jacksonville,NC,USA,34.82916444,-77.61213778,165EWN,Craven County Regional,New Bern,NC,USA,35.07297222,-77.04294444,135FAR,Hector International,Fargo,ND,USA,46.91934889,-96.81498889,785BIS,Bismarck Municipal,Bismarck,ND,USA,46.77411111,-100.7467222,416GFK,Grand Forks International,Grand Forks,ND,USA,47.949255,-97.17611111,232MOT,Minot International,Minot,ND,USA,48.25937778,-101.2803339,180OMA,Eppley Airfield,Omaha,NE,USA,41.30251861,-95.89417306,4123LNK,Lincoln Municipal,Lincoln,NE,USA,40.85097222,-96.75925,499MHT,Manchester,Manchester,NH,USA,42.93451639,-71.43705583,3124EWR,Newark Intl,Newark,NJ,USA,40.69249722,-74.16866056,18371ACY,Atlantic City International,Atlantic City,NJ,USA,39.45758333,-74.57716667,61ABQ,Albuquerque International,Albuquerque,NM,USA,35.04022222,-106.6091944,6216ROW,Roswell Industrial Air Center,Roswell,NM,USA,33.30155556,-104.5305556,120LAS,McCarran International,Las Vegas,NV,USA,36.08036111,-115.1523333,27572RNO,Reno/Tahoe International,Reno,NV,USA,39.49857611,-119.7680647,4214EKO,Elko Regional,Elko,NV,USA,40.82492611,-115.7916964,290LGA,LaGuardia,New York,NY,USA,40.77724306,-73.87260917,16895JFK,John F Kennedy Intl,New York,NY,USA,40.63975111,-73.77892556,13530BUF,Buffalo Niagara Intl,Buffalo,NY,USA,42.94052472,-78.73216667,3557ROC,Greater Rochester Int'l,Rochester,NY,USA,43.11886611,-77.67238389,2370ALB,Albany Cty,Albany,NY,USA,42.74811944,-73.80297861,2314SYR,Syracuse-Hancock Intl,Syracuse,NY,USA,43.11118694,-76.10631056,1873ISP,Long Island - MacArthur,Islip,NY,USA,40.7952425,-73.10021194,1762HPN,Westchester Cty,White Plains,NY,USA,41.06695778,-73.70757444,1567SWF,Stewart,Newburgh,NY,USA,41.50409361,-74.10483833,751BGM,Binghamton Regional,Binghamton,NY,USA,42.20848278,-75.97961361,120ELM,Elmira/Corning Regional,Elmira,NY,USA,42.15991361,-76.89144333,113CLE,Cleveland-Hopkins Intl,Cleveland,OH,USA,41.41089417,-81.84939667,9120CMH,Port Columbus Intl,Columbus,OH,USA,39.99798528,-82.89188278,5757DAY,James M Cox Dayton Intl,Dayton,OH,USA,39.90237583,-84.219375,2273CAK,Akron-Canton Regional,Akron,OH,USA,40.91631194,-81.44246556,1451TOL,Toledo Express,Toledo,OH,USA,41.58680556,-83.80783333,289OKC,Will Rogers World,Oklahoma City,OK,USA,35.39308833,-97.60073389,4151TUL,Tulsa International,Tulsa,OK,USA,36.19837222,-95.88824167,3650LAW,Lawton-Ft Sill Regional,Lawton,OK,USA,34.56771444,-98.41663667,344PDX,Portland Intl,Portland,OR,USA,45.58872222,-122.5975,8048EUG,Mahlon Sweet ,Eugene,OR,USA,44.12326,-123.2186856,1062MFR,Rogue Valley International,Medford,OR,USA,42.37422778,-122.8734978,940RDM,Roberts ,Redmond,OR,USA,44.25406722,-121.1499633,579SLE,McNary Fld,Salem,OR,USA,44.90952778,-123.0025,108PHL,Philadelphia Intl,Philadelphia,PA,USA,39.87195278,-75.24114083,15189PIT,Pittsburgh International,Pittsburgh,PA,USA,40.49146583,-80.23287083,7039MDT,Harrisburg Intl,Harrisburg,PA,USA,40.19349528,-76.76340361,1287ABE,Lehigh Valley International,Allentown,PA,USA,40.65236278,-75.44040167,791AVP,Wilkes-Barre/Scranton Intl,Wilkes-Barre/Scranton,PA,USA,41.33814944,-75.7242675,404ERI,Erie Intl,Erie,PA,USA,42.08202139,-80.17621556,163PVD,Theodore F Green State,Providence,RI,USA,41.72399917,-71.42822111,3818CHS,Charleston AFB/International,Charleston,SC,USA,32.89864639,-80.04050583,2172GSP,Greenville-Spartanburg,Greer,SC,USA,34.89566722,-82.21885833,1921CAE,Columbia Metropolitan,Columbia,SC,USA,33.93884,-81.11953944,1731MYR,Myrtle Beach International,Myrtle Beach,SC,USA,33.67975,-78.92833333,730FLO,Florence Regional,Florence,SC,USA,34.18536111,-79.72388889,109FSD,Joe Foss ,Sioux Falls,SD,USA,43.58135111,-96.74170028,941RAP,Rapid City Regional,Rapid City,SD,USA,44.04532139,-103.0573708,647MEM,Memphis International,Memphis,TN,USA,35.04241667,-89.97666667,12350BNA,Nashville International,Nashville,TN,USA,36.12447667,-86.67818222,9004TYS,McGhee-Tyson,Knoxville,TN,USA,35.81248722,-83.99285583,1820CHA,Lovell ,Chattanooga,TN,USA,35.03526833,-85.20378778,723TRI,Tri-Cities Regional,Bristol,TN,USA,36.47521417,-82.40742056,333DFW,Dallas-Fort Worth International,Dallas-Fort Worth,TX,USA,32.89595056,-97.0372,32891IAH,George Bush Intercontinental,Houston,TX,USA,29.98047222,-95.33972222,23013HOU,William P Hobby,Houston,TX,USA,29.64541861,-95.27888889,9163DAL,Dallas Love ,Dallas,TX,USA,32.84711389,-96.85177222,9079AUS,Austin-Bergstrom International,Austin,TX,USA,30.19453278,-97.66987194,7140SAT,San Antonio International,San Antonio,TX,USA,29.53369444,-98.46977778,6586ELP,El Paso International,El Paso,TX,USA,31.80666667,-106.3778056,3112LBB,Lubbock International,Lubbock,TX,USA,33.66363889,-101.8227778,1413AMA,Amarillo International,Amarillo,TX,USA,35.2193725,-101.7059272,1214MAF,Midland International,Midland,TX,USA,31.94252778,-102.2019139,1149HRL,Valley International,Harlingen,TX,USA,26.22850611,-97.65439389,763GRK,Robert Gray AAF,Killeen,TX,USA,31.06489778,-97.82779778,698CRP,Corpus Christi International,Corpus Christi,TX,USA,27.77036083,-97.50121528,693ABI,Abilene Regional,Abilene,TX,USA,32.41132,-99.68189722,464MFE,McAllen Miller International,McAllen,TX,USA,26.17583333,-98.23861111,420SPS,Sheppard AFB/Wichita Falls Municipal,Wichita Falls,TX,USA,33.98879611,-98.49189333,404ACT,Waco Regional,Waco,TX,USA,31.61128833,-97.23051917,403LRD,Laredo International,Laredo,TX,USA,27.54373861,-99.46154361,329TYR,Tyler Pounds ,Tyler,TX,USA,32.35413889,-95.40238611,299CLL,Easterwood ,College Station,TX,USA,30.58858944,-96.36382417,289SJT,San Angelo Regional /Mathis ,San Angelo,TX,USA,31.35775,-100.4963056,241BRO,Brownsville/S.Padre Island International,Brownsville,TX,USA,25.90683333,-97.42586111,212GGG,Gregg County,Longview,TX,USA,32.38486111,-94.71171,180BPT,Southeast Texas Regional,Beaumont/Port Arthur,TX,USA,29.95083333,-94.02069444,72SLC,Salt Lake City Intl,Salt Lake City,UT,USA,40.78838778,-111.9777731,22528SGU,St George Muni,St George,UT,USA,37.09058333,-113.5930556,598CDC,Cedar City Muni,Cedar City,UT,USA,37.70097028,-113.098575,102DCA,Ronald Reagan Washington National,Arlington,VA,USA,38.85208333,-77.03772222,12644IAD,Washington Dulles International,Chantilly,VA,USA,38.94453194,-77.45580972,12204RIC,Richmond International,Richmond,VA,USA,37.50516667,-77.31966667,2942ORF,Norfolk International,Norfolk,VA,USA,36.89461111,-76.20122222,2695PHF,Newport News/Williamsburg International,Newport News,VA,USA,37.13189556,-76.4929875,952ROA,Roanoke Regional/ Woodrum ,Roanoke,VA,USA,37.32546833,-79.97542833,508CHO,Charlottesville-Albermarle,Charlottesville,VA,USA,38.13863889,-78.45286111,143LYH,Lynchburg Municipal-Preston Glenn ,Lynchburg,VA,USA,37.32668528,-79.20043056,106BTV,Burlington International,Burlington,VT,USA,44.47300361,-73.1503125,965SEA,Seattle-Tacoma Intl,Seattle,WA,USA,47.44898194,-122.3093131,12064GEG,Spokane Intl,Spokane,WA,USA,47.61985556,-117.5338425,2487PSC,Tri-Cities,Pasco,WA,USA,46.26468028,-119.1190292,447YKM,Yakima Air Terminal,Yakima,WA,USA,46.56816972,-120.5440594,74BLI,Bellingham Intl,Bellingham,WA,USA,48.79275,-122.5375278,59MKE,General Mitchell International,Milwaukee,WI,USA,42.94722222,-87.89658333,5462MSN,Dane County Regional,Madison,WI,USA,43.13985778,-89.33751361,2141GRB,Austin Straubel International,Green Bay,WI,USA,44.48507333,-88.12959,1292ATW,Outagamie County Regional,Appleton,WI,USA,44.25740806,-88.51947556,772LSE,La Crosse Municipal,La Crosse,WI,USA,43.87937972,-91.25653778,306CWA,Central Wisconsin,Mosinee,WI,USA,44.77761917,-89.66677944,214RHI,Rhinelander-Oneida County,Rhinelander,WI,USA,45.63119306,-89.46745361,32CRW,Yeager,Charleston,WV,USA,38.37315083,-81.59318972,499CPR,Natrona County Intl,Casper,WY,USA,42.90835556,-106.4644661,556JAC,Jackson Hole,Jackson,WY,USA,43.60732417,-110.7377389,498COD,Yellowstone Regional,Cody,WY,USA,44.52019417,-109.0237961,180